gstin,period,input_tax_credit_claimed,output_tax_declared,net_tax_paid
33AHFTR8040G1ZE,2023-04,0,0.0,0
33AHFTR8040G1ZE,2023-05,0,0.0,0
33AHFTR8040G1ZE,2023-06,0,0.0,0
33AHFTR8040G1ZE,2023-07,527653.71,94223.88,0
33AHFTR8040G1ZE,2023-08,188447.76,320361.19,131913.43
33AHFTR8040G1ZE,2023-09,0,0.0,0
33AHFTR8040G1ZE,2023-10,0,0.0,0
33AHFTR8040G1ZE,2023-11,0,0.0,0
33AHFTR8040G1ZE,2023-12,0,0.0,0
33AHFTR8040G1ZE,2024-01,0,0.0,0
33AHFTR8040G1ZE,2024-02,0,0.0,0
33AHFTR8040G1ZE,2024-03,0,0.0,0
07SSKLH8714I1Z9,2023-04,0,0.0,0
07SSKLH8714I1Z9,2023-05,0,0.0,0
07SSKLH8714I1Z9,2023-06,0,0.0,0
07SSKLH8714I1Z9,2023-07,94223.88,527653.71,433429.83
07SSKLH8714I1Z9,2023-08,320361.19,188447.76,0
07SSKLH8714I1Z9,2023-09,0,0.0,0
07SSKLH8714I1Z9,2023-10,0,0.0,0
07SSKLH8714I1Z9,2023-11,0,0.0,0
07SSKLH8714I1Z9,2023-12,0,0.0,0
07SSKLH8714I1Z9,2024-01,0,0.0,0
07SSKLH8714I1Z9,2024-02,0,0.0,0
07SSKLH8714I1Z9,2024-03,0,0.0,0
33JJIGB4190J1ZN,2023-04,0,0.0,0
33JJIGB4190J1ZN,2023-05,0,0.0,0
33JJIGB4190J1ZN,2023-06,0,0.0,0
33JJIGB4190J1ZN,2023-07,527653.71,94223.88,0
33JJIGB4190J1ZN,2023-08,188447.76,866859.67,678411.91
33JJIGB4190J1ZN,2023-09,0,0.0,0
33JJIGB4190J1ZN,2023-10,0,0.0,0
33JJIGB4190J1ZN,2023-11,0,0.0,0
33JJIGB4190J1ZN,2023-12,0,0.0,0
33JJIGB4190J1ZN,2024-01,0,0.0,0
33JJIGB4190J1ZN,2024-02,0,0.0,0
33JJIGB4190J1ZN,2024-03,0,0.0,0
33BFHCG1263L1ZM,2023-04,0,0.0,0
33BFHCG1263L1ZM,2023-05,0,0.0,0
33BFHCG1263L1ZM,2023-06,0,0.0,0
33BFHCG1263L1ZM,2023-07,94223.88,527653.71,433429.83
33BFHCG1263L1ZM,2023-08,866859.67,188447.76,0
33BFHCG1263L1ZM,2023-09,0,0.0,0
33BFHCG1263L1ZM,2023-10,0,0.0,0
33BFHCG1263L1ZM,2023-11,0,0.0,0
33BFHCG1263L1ZM,2023-12,0,0.0,0
33BFHCG1263L1ZM,2024-01,0,0.0,0
33BFHCG1263L1ZM,2024-02,0,0.0,0
33BFHCG1263L1ZM,2024-03,0,0.0,0
33PESEJ9656Y1Z3,2023-04,0,0.0,0
33PESEJ9656Y1Z3,2023-05,0,0.0,0
33PESEJ9656Y1Z3,2023-06,0,0.0,0
33PESEJ9656Y1Z3,2023-07,0,0.0,0
33PESEJ9656Y1Z3,2023-08,0,0.0,0
33PESEJ9656Y1Z3,2023-09,0,0.0,0
33PESEJ9656Y1Z3,2023-10,138421.77,57675.74,0
33PESEJ9656Y1Z3,2023-11,115351.48,265308.4,149956.92
33PESEJ9656Y1Z3,2023-12,0,0.0,0
33PESEJ9656Y1Z3,2024-01,0,0.0,0
33PESEJ9656Y1Z3,2024-02,0,0.0,0
33PESEJ9656Y1Z3,2024-03,0,0.0,0
08KBXOS2486E1ZG,2023-04,0,0.0,0
08KBXOS2486E1ZG,2023-05,0,0.0,0
08KBXOS2486E1ZG,2023-06,0,0.0,0
08KBXOS2486E1ZG,2023-07,0,0.0,0
08KBXOS2486E1ZG,2023-08,0,0.0,0
08KBXOS2486E1ZG,2023-09,0,0.0,0
08KBXOS2486E1ZG,2023-10,57675.74,207632.66,149956.92
08KBXOS2486E1ZG,2023-11,265308.4,380659.88,115351.48
08KBXOS2486E1ZG,2023-12,0,0.0,0
08KBXOS2486E1ZG,2024-01,0,0.0,0
08KBXOS2486E1ZG,2024-02,0,0.0,0
08KBXOS2486E1ZG,2024-03,0,0.0,0
36OTLPJ9147D1Z9,2023-04,0,0.0,0
36OTLPJ9147D1Z9,2023-05,0,0.0,0
36OTLPJ9147D1Z9,2023-06,0,0.0,0
36OTLPJ9147D1Z9,2023-07,0,0.0,0
36OTLPJ9147D1Z9,2023-08,0,0.0,0
36OTLPJ9147D1Z9,2023-09,0,0.0,0
36OTLPJ9147D1Z9,2023-10,207632.66,461405.91,253773.25
36OTLPJ9147D1Z9,2023-11,380659.88,57675.74,0
36OTLPJ9147D1Z9,2023-12,0,0.0,0
36OTLPJ9147D1Z9,2024-01,0,0.0,0
36OTLPJ9147D1Z9,2024-02,0,0.0,0
36OTLPJ9147D1Z9,2024-03,0,0.0,0
09PKPMG5961R1ZH,2023-04,0,0.0,0
09PKPMG5961R1ZH,2023-05,0,0.0,0
09PKPMG5961R1ZH,2023-06,0,0.0,0
09PKPMG5961R1ZH,2023-07,0,0.0,0
09PKPMG5961R1ZH,2023-08,0,0.0,0
09PKPMG5961R1ZH,2023-09,0,0.0,0
09PKPMG5961R1ZH,2023-10,461405.91,138421.77,0
09PKPMG5961R1ZH,2023-11,57675.74,115351.48,57675.74
09PKPMG5961R1ZH,2023-12,0,0.0,0
09PKPMG5961R1ZH,2024-01,0,0.0,0
09PKPMG5961R1ZH,2024-02,0,0.0,0
09PKPMG5961R1ZH,2024-03,0,0.0,0
24LLYWG5198J1ZW,2023-04,0,0.0,0
24LLYWG5198J1ZW,2023-05,0,0.0,0
24LLYWG5198J1ZW,2023-06,0,0.0,0
24LLYWG5198J1ZW,2023-07,0,0.0,0
24LLYWG5198J1ZW,2023-08,277138.81,201555.5,0
24LLYWG5198J1ZW,2023-09,235148.08,100777.75,0
24LLYWG5198J1ZW,2023-10,0,0.0,0
24LLYWG5198J1ZW,2023-11,0,0.0,0
24LLYWG5198J1ZW,2023-12,0,0.0,0
24LLYWG5198J1ZW,2024-01,0,0.0,0
24LLYWG5198J1ZW,2024-02,0,0.0,0
24LLYWG5198J1ZW,2024-03,0,0.0,0
08TOUNA3098Z1ZJ,2023-04,0,0.0,0
08TOUNA3098Z1ZJ,2023-05,0,0.0,0
08TOUNA3098Z1ZJ,2023-06,0,0.0,0
08TOUNA3098Z1ZJ,2023-07,0,0.0,0
08TOUNA3098Z1ZJ,2023-08,201555.5,100777.75,0
08TOUNA3098Z1ZJ,2023-09,100777.75,142768.48,41990.73
08TOUNA3098Z1ZJ,2023-10,0,0.0,0
08TOUNA3098Z1ZJ,2023-11,0,0.0,0
08TOUNA3098Z1ZJ,2023-12,0,0.0,0
08TOUNA3098Z1ZJ,2024-01,0,0.0,0
08TOUNA3098Z1ZJ,2024-02,0,0.0,0
08TOUNA3098Z1ZJ,2024-03,0,0.0,0
32YCMBT7145I1ZX,2023-04,0,0.0,0
32YCMBT7145I1ZX,2023-05,0,0.0,0
32YCMBT7145I1ZX,2023-06,0,0.0,0
32YCMBT7145I1ZX,2023-07,0,0.0,0
32YCMBT7145I1ZX,2023-08,100777.75,277138.81,176361.06
32YCMBT7145I1ZX,2023-09,142768.48,235148.08,92379.6
32YCMBT7145I1ZX,2023-10,0,0.0,0
32YCMBT7145I1ZX,2023-11,0,0.0,0
32YCMBT7145I1ZX,2023-12,0,0.0,0
32YCMBT7145I1ZX,2024-01,0,0.0,0
32YCMBT7145I1ZX,2024-02,0,0.0,0
32YCMBT7145I1ZX,2024-03,0,0.0,0
36TRSKR3842C1ZL,2023-04,0,0.0,0
36TRSKR3842C1ZL,2023-05,0,0.0,0
36TRSKR3842C1ZL,2023-06,0,0.0,0
36TRSKR3842C1ZL,2023-07,0,455341.0,455341.0
36TRSKR3842C1ZL,2023-08,0,0.0,0
36TRSKR3842C1ZL,2023-09,0,0.0,0
36TRSKR3842C1ZL,2023-10,0,0.0,0
36TRSKR3842C1ZL,2023-11,0,0.0,0
36TRSKR3842C1ZL,2023-12,0,0.0,0
36TRSKR3842C1ZL,2024-01,0,0.0,0
36TRSKR3842C1ZL,2024-02,0,0.0,0
36TRSKR3842C1ZL,2024-03,0,0.0,0
07ASBBA3524R1Z8,2023-04,0,0.0,0
07ASBBA3524R1Z8,2023-05,0,0.0,0
07ASBBA3524R1Z8,2023-06,0,0.0,0
07ASBBA3524R1Z8,2023-07,455341.0,0.0,0
07ASBBA3524R1Z8,2023-08,0,0.0,0
07ASBBA3524R1Z8,2023-09,0,0.0,0
07ASBBA3524R1Z8,2023-10,0,0.0,0
07ASBBA3524R1Z8,2023-11,0,0.0,0
07ASBBA3524R1Z8,2023-12,0,0.0,0
07ASBBA3524R1Z8,2024-01,0,0.0,0
07ASBBA3524R1Z8,2024-02,0,0.0,0
07ASBBA3524R1Z8,2024-03,0,0.0,0
19UECLL4769D1Z3,2023-04,0,0.0,0
19UECLL4769D1Z3,2023-05,0,0.0,0
19UECLL4769D1Z3,2023-06,0,0.0,0
19UECLL4769D1Z3,2023-07,0,0.0,0
19UECLL4769D1Z3,2023-08,0,0.0,0
19UECLL4769D1Z3,2023-09,0,0.0,0
19UECLL4769D1Z3,2023-10,0,0.0,0
19UECLL4769D1Z3,2023-11,0,0.0,0
19UECLL4769D1Z3,2023-12,0,0.0,0
19UECLL4769D1Z3,2024-01,0,0.0,0
19UECLL4769D1Z3,2024-02,0,0.0,0
19UECLL4769D1Z3,2024-03,0,0.0,0
33GELKH2948R1Z6,2023-04,0,0.0,0
33GELKH2948R1Z6,2023-05,0,0.0,0
33GELKH2948R1Z6,2023-06,0,0.0,0
33GELKH2948R1Z6,2023-07,0,0.0,0
33GELKH2948R1Z6,2023-08,0,0.0,0
33GELKH2948R1Z6,2023-09,0,0.0,0
33GELKH2948R1Z6,2023-10,0,0.0,0
33GELKH2948R1Z6,2023-11,0,0.0,0
33GELKH2948R1Z6,2023-12,0,0.0,0
33GELKH2948R1Z6,2024-01,0,0.0,0
33GELKH2948R1Z6,2024-02,0,0.0,0
33GELKH2948R1Z6,2024-03,0,0.0,0
07EMFKB3927O1ZI,2023-04,0,0.0,0
07EMFKB3927O1ZI,2023-05,0,0.0,0
07EMFKB3927O1ZI,2023-06,0,0.0,0
07EMFKB3927O1ZI,2023-07,0,0.0,0
07EMFKB3927O1ZI,2023-08,0,0.0,0
07EMFKB3927O1ZI,2023-09,0,0.0,0
07EMFKB3927O1ZI,2023-10,0,0.0,0
07EMFKB3927O1ZI,2023-11,0,0.0,0
07EMFKB3927O1ZI,2023-12,0,0.0,0
07EMFKB3927O1ZI,2024-01,0,715912.8,715912.8
07EMFKB3927O1ZI,2024-02,0,0.0,0
07EMFKB3927O1ZI,2024-03,0,0.0,0
07HZPOT0558F1Z3,2023-04,0,0.0,0
07HZPOT0558F1Z3,2023-05,0,0.0,0
07HZPOT0558F1Z3,2023-06,0,0.0,0
07HZPOT0558F1Z3,2023-07,0,0.0,0
07HZPOT0558F1Z3,2023-08,0,0.0,0
07HZPOT0558F1Z3,2023-09,0,0.0,0
07HZPOT0558F1Z3,2023-10,0,0.0,0
07HZPOT0558F1Z3,2023-11,0,651793.58,651793.58
07HZPOT0558F1Z3,2023-12,0,0.0,0
07HZPOT0558F1Z3,2024-01,0,0.0,0
07HZPOT0558F1Z3,2024-02,0,0.0,0
07HZPOT0558F1Z3,2024-03,0,0.0,0
29BBWKY5500V1ZX,2023-04,0,0.0,0
29BBWKY5500V1ZX,2023-05,0,0.0,0
29BBWKY5500V1ZX,2023-06,0,0.0,0
29BBWKY5500V1ZX,2023-07,0,0.0,0
29BBWKY5500V1ZX,2023-08,0,0.0,0
29BBWKY5500V1ZX,2023-09,0,0.0,0
29BBWKY5500V1ZX,2023-10,0,0.0,0
29BBWKY5500V1ZX,2023-11,0,0.0,0
29BBWKY5500V1ZX,2023-12,0,509302.74,509302.74
29BBWKY5500V1ZX,2024-01,0,0.0,0
29BBWKY5500V1ZX,2024-02,0,0.0,0
29BBWKY5500V1ZX,2024-03,0,0.0,0
08GKRHI7049D1Z4,2023-04,0,0.0,0
08GKRHI7049D1Z4,2023-05,0,0.0,0
08GKRHI7049D1Z4,2023-06,0,0.0,0
08GKRHI7049D1Z4,2023-07,0,0.0,0
08GKRHI7049D1Z4,2023-08,0,0.0,0
08GKRHI7049D1Z4,2023-09,0,0.0,0
08GKRHI7049D1Z4,2023-10,0,0.0,0
08GKRHI7049D1Z4,2023-11,0,0.0,0
08GKRHI7049D1Z4,2023-12,0,0.0,0
08GKRHI7049D1Z4,2024-01,0,0.0,0
08GKRHI7049D1Z4,2024-02,0,0.0,0
08GKRHI7049D1Z4,2024-03,0,0.0,0
24DJBGH4539Z1ZX,2023-04,58704.74,26022.82,0
24DJBGH4539Z1ZX,2023-05,67850.03,3478.42,0
24DJBGH4539Z1ZX,2023-06,14981.49,153560.46,138578.97
24DJBGH4539Z1ZX,2023-07,40706.02,51183.91,10477.89
24DJBGH4539Z1ZX,2023-08,55092.55,45723.86,0
24DJBGH4539Z1ZX,2023-09,26397.06,0.0,0
24DJBGH4539Z1ZX,2023-10,65316.63,56348.99,0
24DJBGH4539Z1ZX,2023-11,6174.82,0.0,0
24DJBGH4539Z1ZX,2023-12,91005.86,46057.33,0
24DJBGH4539Z1ZX,2024-01,34684.38,49855.92,15171.54
24DJBGH4539Z1ZX,2024-02,0,26054.84,26054.84
24DJBGH4539Z1ZX,2024-03,0,117667.27,117667.27
33YDDCO2672U1ZG,2023-04,0,4897.4,4897.4
33YDDCO2672U1ZG,2023-05,0,128065.46,128065.46
33YDDCO2672U1ZG,2023-06,59148.11,18146.47,0
33YDDCO2672U1ZG,2023-07,113608.36,0.0,0
33YDDCO2672U1ZG,2023-08,0,1060.74,1060.74
33YDDCO2672U1ZG,2023-09,0,49140.56,49140.56
33YDDCO2672U1ZG,2023-10,29520.87,0.0,0
33YDDCO2672U1ZG,2023-11,0,70302.57,70302.57
33YDDCO2672U1ZG,2023-12,118209.31,0.0,0
33YDDCO2672U1ZG,2024-01,19034.54,21086.02,2051.48
33YDDCO2672U1ZG,2024-02,40918.95,58122.56,17203.61
33YDDCO2672U1ZG,2024-03,135480.67,12751.5,0
27CLHAU6275N1ZZ,2023-04,0,29201.33,29201.33
27CLHAU6275N1ZZ,2023-05,0,0.0,0
27CLHAU6275N1ZZ,2023-06,0,3415.56,3415.56
27CLHAU6275N1ZZ,2023-07,45490.85,0.0,0
27CLHAU6275N1ZZ,2023-08,12610.3,4873.86,0
27CLHAU6275N1ZZ,2023-09,127593.11,19777.39,0
27CLHAU6275N1ZZ,2023-10,34461.94,15480.93,0
27CLHAU6275N1ZZ,2023-11,473734.33,0.0,0
27CLHAU6275N1ZZ,2023-12,79623.3,31749.43,0
27CLHAU6275N1ZZ,2024-01,14312.09,71609.1,57297.01
27CLHAU6275N1ZZ,2024-02,14946.58,52622.04,37675.46
27CLHAU6275N1ZZ,2024-03,14576.1,52203.01,37626.91
29OVPDD3878L1ZD,2023-04,167418.21,40478.01,0
29OVPDD3878L1ZD,2023-05,106658.17,0.0,0
29OVPDD3878L1ZD,2023-06,7095.16,44780.2,37685.04
29OVPDD3878L1ZD,2023-07,24443.25,0.0,0
29OVPDD3878L1ZD,2023-08,19270.47,15165.09,0
29OVPDD3878L1ZD,2023-09,3269.27,32389.67,29120.4
29OVPDD3878L1ZD,2023-10,124746.59,3700.48,0
29OVPDD3878L1ZD,2023-11,47427.73,14548.75,0
29OVPDD3878L1ZD,2023-12,63935.88,0.0,0
29OVPDD3878L1ZD,2024-01,60264.15,25730.89,0
29OVPDD3878L1ZD,2024-02,51840.87,135407.8,83566.93
29OVPDD3878L1ZD,2024-03,0,32062.25,32062.25
33JOWZT9217F1ZQ,2023-04,39869.28,0.0,0
33JOWZT9217F1ZQ,2023-05,2303.48,85643.1,83339.62
33JOWZT9217F1ZQ,2023-06,143704.34,10731.49,0
33JOWZT9217F1ZQ,2023-07,37400.77,18716.26,0
33JOWZT9217F1ZQ,2023-08,4873.86,75116.87,70243.01
33JOWZT9217F1ZQ,2023-09,27976.65,4233.08,0
33JOWZT9217F1ZQ,2023-10,0,14421.38,14421.38
33JOWZT9217F1ZQ,2023-11,80590.87,30325.5,0
33JOWZT9217F1ZQ,2023-12,163912.88,0.0,0
33JOWZT9217F1ZQ,2024-01,173468.78,60318.58,0
33JOWZT9217F1ZQ,2024-02,29525.37,81986.85,52461.48
33JOWZT9217F1ZQ,2024-03,0,29193.73,29193.73
08UKRTG1730P1ZE,2023-04,42522.36,17386.47,0
08UKRTG1730P1ZE,2023-05,0,39634.3,39634.3
08UKRTG1730P1ZE,2023-06,37410.89,23178.82,0
08UKRTG1730P1ZE,2023-07,41281.26,0.0,0
08UKRTG1730P1ZE,2023-08,55986.44,72737.24,16750.8
08UKRTG1730P1ZE,2023-09,0,0.0,0
08UKRTG1730P1ZE,2023-10,39270.88,11844.62,0
08UKRTG1730P1ZE,2023-11,0,36987.03,36987.03
08UKRTG1730P1ZE,2023-12,12439.93,23111.86,10671.93
08UKRTG1730P1ZE,2024-01,0,61864.9,61864.9
08UKRTG1730P1ZE,2024-02,310421.9,16422.25,0
08UKRTG1730P1ZE,2024-03,89691.91,0.0,0
24VWFRK2073Q1ZP,2023-04,10010.1,0.0,0
24VWFRK2073Q1ZP,2023-05,86737.14,7517.84,0
24VWFRK2073Q1ZP,2023-06,1087219.71,17572.22,0
24VWFRK2073Q1ZP,2023-07,0,0.0,0
24VWFRK2073Q1ZP,2023-08,1040476.69,11584.06,0
24VWFRK2073Q1ZP,2023-09,0,60319.4,60319.4
24VWFRK2073Q1ZP,2023-10,56819.19,30925.04,0
24VWFRK2073Q1ZP,2023-11,629037.47,0.0,0
24VWFRK2073Q1ZP,2023-12,0,49585.31,49585.31
24VWFRK2073Q1ZP,2024-01,441495.61,11151.61,0
24VWFRK2073Q1ZP,2024-02,0,67464.22,67464.22
24VWFRK2073Q1ZP,2024-03,63038.22,13068.35,0
33WGPZA5374Q1Z7,2023-04,0,20716.64,20716.64
33WGPZA5374Q1Z7,2023-05,863331.79,10931.74,0
33WGPZA5374Q1Z7,2023-06,182674.97,0.0,0
33WGPZA5374Q1Z7,2023-07,40370.63,19612.68,0
33WGPZA5374Q1Z7,2023-08,115091.62,0.0,0
33WGPZA5374Q1Z7,2023-09,46084.17,10606.04,0
33WGPZA5374Q1Z7,2023-10,247506.24,10017.93,0
33WGPZA5374Q1Z7,2023-11,91584.59,37335.96,0
33WGPZA5374Q1Z7,2023-12,13520.07,7056.39,0
33WGPZA5374Q1Z7,2024-01,774054.84,4556.59,0
33WGPZA5374Q1Z7,2024-02,1314.41,18680.06,17365.65
33WGPZA5374Q1Z7,2024-03,67268.21,71362.82,4094.61
27SAYNS7630V1ZL,2023-04,3126.02,15437.94,12311.92
27SAYNS7630V1ZL,2023-05,69041.43,2053.77,0
27SAYNS7630V1ZL,2023-06,77977.35,25106.75,0
27SAYNS7630V1ZL,2023-07,0,16775.18,16775.18
27SAYNS7630V1ZL,2023-08,705833.58,18370.85,0
27SAYNS7630V1ZL,2023-09,444061.66,44659.39,0
27SAYNS7630V1ZL,2023-10,37921.87,0.0,0
27SAYNS7630V1ZL,2023-11,0,50780.99,50780.99
27SAYNS7630V1ZL,2023-12,0,1655.1,1655.1
27SAYNS7630V1ZL,2024-01,18069.01,0.0,0
27SAYNS7630V1ZL,2024-02,0,31882.52,31882.52
27SAYNS7630V1ZL,2024-03,1402843.19,22397.77,0
33SHIKK2149V1ZB,2023-04,113406.35,13673.56,0
33SHIKK2149V1ZB,2023-05,173960.44,22297.51,0
33SHIKK2149V1ZB,2023-06,99734.51,25369.33,0
33SHIKK2149V1ZB,2023-07,519031.79,71099.07,0
33SHIKK2149V1ZB,2023-08,394777.03,22403.28,0
33SHIKK2149V1ZB,2023-09,1573512.93,32768.26,0
33SHIKK2149V1ZB,2023-10,0,56263.45,56263.45
33SHIKK2149V1ZB,2023-11,58441.79,0.0,0
33SHIKK2149V1ZB,2023-12,23810.95,52209.33,28398.38
33SHIKK2149V1ZB,2024-01,0,0.0,0
33SHIKK2149V1ZB,2024-02,0,33474.23,33474.23
33SHIKK2149V1ZB,2024-03,5475.02,28090.61,22615.59
36VHFUP3465Z1ZA,2023-04,400601.5,17279.87,0
36VHFUP3465Z1ZA,2023-05,248164.97,64911.25,0
36VHFUP3465Z1ZA,2023-06,73507.52,34148.16,0
36VHFUP3465Z1ZA,2023-07,0,10308.56,10308.56
36VHFUP3465Z1ZA,2023-08,0,25691.15,25691.15
36VHFUP3465Z1ZA,2023-09,81205.89,30932.33,0
36VHFUP3465Z1ZA,2023-10,21431.34,30355.76,8924.42
36VHFUP3465Z1ZA,2023-11,575461.84,0.0,0
36VHFUP3465Z1ZA,2023-12,2012.54,94453.26,92440.72
36VHFUP3465Z1ZA,2024-01,421875.41,0.0,0
36VHFUP3465Z1ZA,2024-02,3644.03,55307.6,51663.57
36VHFUP3465Z1ZA,2024-03,193124.35,16350.53,0
36RQCYG3810P1Z4,2023-04,0,0.0,0
36RQCYG3810P1Z4,2023-05,13885.22,161836.9,147951.68
36RQCYG3810P1Z4,2023-06,43667.59,123440.99,79773.4
36RQCYG3810P1Z4,2023-07,0,0.0,0
36RQCYG3810P1Z4,2023-08,62220.38,26415.83,0
36RQCYG3810P1Z4,2023-09,927.57,0.0,0
36RQCYG3810P1Z4,2023-10,73769.11,79986.95,6217.84
36RQCYG3810P1Z4,2023-11,6814.47,26079.29,19264.82
36RQCYG3810P1Z4,2023-12,0,0.0,0
36RQCYG3810P1Z4,2024-01,0,91481.17,91481.17
36RQCYG3810P1Z4,2024-02,0,21881.65,21881.65
36RQCYG3810P1Z4,2024-03,0,57229.83,57229.83
32FSMGR0771N1ZE,2023-04,0,45198.75,45198.75
32FSMGR0771N1ZE,2023-05,5669.27,31443.31,25774.04
32FSMGR0771N1ZE,2023-06,73190.74,0.0,0
32FSMGR0771N1ZE,2023-07,28100.12,0.0,0
32FSMGR0771N1ZE,2023-08,51558.57,54302.71,2744.14
32FSMGR0771N1ZE,2023-09,0,0.0,0
32FSMGR0771N1ZE,2023-10,18014.6,51617.89,33603.29
32FSMGR0771N1ZE,2023-11,0,206299.1,206299.1
32FSMGR0771N1ZE,2023-12,120527.03,25115.04,0
32FSMGR0771N1ZE,2024-01,0,37306.95,37306.95
32FSMGR0771N1ZE,2024-02,0,0.0,0
32FSMGR0771N1ZE,2024-03,0,30219.87,30219.87
36GWLUR9598T1ZW,2023-04,12328.81,0.0,0
36GWLUR9598T1ZW,2023-05,0,26843.59,26843.59
36GWLUR9598T1ZW,2023-06,0,119543.63,119543.63
36GWLUR9598T1ZW,2023-07,21606.14,37582.75,15976.61
36GWLUR9598T1ZW,2023-08,2506.88,15836.65,13329.77
36GWLUR9598T1ZW,2023-09,0,28151.62,28151.62
36GWLUR9598T1ZW,2023-10,0,24581.68,24581.68
36GWLUR9598T1ZW,2023-11,75195.19,72694.4,0
36GWLUR9598T1ZW,2023-12,6645.18,19973.22,13328.04
36GWLUR9598T1ZW,2024-01,62422.4,133988.19,71565.79
36GWLUR9598T1ZW,2024-02,44720.64,0.0,0
36GWLUR9598T1ZW,2024-03,133005.55,14267.3,0
29TMGGQ7562C1ZI,2023-04,154538.48,34903.14,0
29TMGGQ7562C1ZI,2023-05,80928.53,0.0,0
29TMGGQ7562C1ZI,2023-06,0,71627.38,71627.38
29TMGGQ7562C1ZI,2023-07,16600.26,164497.94,147897.68
29TMGGQ7562C1ZI,2023-08,16446.9,38902.48,22455.58
29TMGGQ7562C1ZI,2023-09,73969.62,20881.15,0
29TMGGQ7562C1ZI,2023-10,3068.56,56819.19,53750.63
29TMGGQ7562C1ZI,2023-11,36205.81,0.0,0
29TMGGQ7562C1ZI,2023-12,33912.92,81344.48,47431.56
29TMGGQ7562C1ZI,2024-01,9023.9,82345.24,73321.34
29TMGGQ7562C1ZI,2024-02,0,0.0,0
29TMGGQ7562C1ZI,2024-03,43805.74,0.0,0
08XCDJD2434B1ZD,2023-04,0,0.0,0
08XCDJD2434B1ZD,2023-05,80687.13,19000.72,0
08XCDJD2434B1ZD,2023-06,24997.73,0.0,0
08XCDJD2434B1ZD,2023-07,0,46507.96,46507.96
08XCDJD2434B1ZD,2023-08,0,12760.56,12760.56
08XCDJD2434B1ZD,2023-09,0,8779.11,8779.11
08XCDJD2434B1ZD,2023-10,19090.48,9534.34,0
08XCDJD2434B1ZD,2023-11,93907.23,6713.22,0
08XCDJD2434B1ZD,2023-12,11100.93,81847.41,70746.48
08XCDJD2434B1ZD,2024-01,26868.24,116501.54,89633.3
08XCDJD2434B1ZD,2024-02,9718.89,0.0,0
08XCDJD2434B1ZD,2024-03,0,93186.83,93186.83
32YAWOM9238N1ZY,2023-04,7418.55,32224.66,24806.11
32YAWOM9238N1ZY,2023-05,26597.36,37406.28,10808.92
32YAWOM9238N1ZY,2023-06,2245.47,42774.08,40528.61
32YAWOM9238N1ZY,2023-07,0,28590.61,28590.61
32YAWOM9238N1ZY,2023-08,0,0.0,0
32YAWOM9238N1ZY,2023-09,17009.68,12135.48,0
32YAWOM9238N1ZY,2023-10,94859.74,41992.36,0
32YAWOM9238N1ZY,2023-11,0,89613.28,89613.28
32YAWOM9238N1ZY,2023-12,116496.78,26676.95,0
32YAWOM9238N1ZY,2024-01,30910.97,15202.23,0
32YAWOM9238N1ZY,2024-02,0,2123.89,2123.89
32YAWOM9238N1ZY,2024-03,102762.43,76001.3,0
07HMKRU7899R1Z1,2023-04,19403.42,21139.01,1735.59
07HMKRU7899R1Z1,2023-05,16266.76,38279.54,22012.78
07HMKRU7899R1Z1,2023-06,0,42020.08,42020.08
07HMKRU7899R1Z1,2023-07,14263.64,0.0,0
07HMKRU7899R1Z1,2023-08,0,0.0,0
07HMKRU7899R1Z1,2023-09,67174.64,37305.06,0
07HMKRU7899R1Z1,2023-10,39822.59,0.0,0
07HMKRU7899R1Z1,2023-11,0,0.0,0
07HMKRU7899R1Z1,2023-12,20289.38,43962.66,23673.28
07HMKRU7899R1Z1,2024-01,2665.15,55139.27,52474.12
07HMKRU7899R1Z1,2024-02,0,24954.44,24954.44
07HMKRU7899R1Z1,2024-03,157153.14,68351.65,0
09DMBJF3737N1ZG,2023-04,13844.55,242555.41,228710.86
09DMBJF3737N1ZG,2023-05,0,37294.5,37294.5
09DMBJF3737N1ZG,2023-06,0,161268.98,161268.98
09DMBJF3737N1ZG,2023-07,16126.5,7630.21,0
09DMBJF3737N1ZG,2023-08,0,43419.53,43419.53
09DMBJF3737N1ZG,2023-09,13070.18,14565.56,1495.38
09DMBJF3737N1ZG,2023-10,17297.58,34461.94,17164.36
09DMBJF3737N1ZG,2023-11,32829.45,15263.96,0
09DMBJF3737N1ZG,2023-12,1932.45,70313.81,68381.36
09DMBJF3737N1ZG,2024-01,18653.71,124851.11,106197.4
09DMBJF3737N1ZG,2024-02,58122.56,41596.91,0
09DMBJF3737N1ZG,2024-03,28060.68,32126.91,4066.23
27TBYFB9002A1Z9,2023-04,59436.91,133248.22,73811.31
27TBYFB9002A1Z9,2023-05,13641.63,73255.29,59613.66
27TBYFB9002A1Z9,2023-06,142406.66,9854.82,0
27TBYFB9002A1Z9,2023-07,0,9557.22,9557.22
27TBYFB9002A1Z9,2023-08,0,0.0,0
27TBYFB9002A1Z9,2023-09,54853.16,31470.13,0
27TBYFB9002A1Z9,2023-10,0,72247.94,72247.94
27TBYFB9002A1Z9,2023-11,0,0.0,0
27TBYFB9002A1Z9,2023-12,0,0.0,0
27TBYFB9002A1Z9,2024-01,24924.83,0.0,0
27TBYFB9002A1Z9,2024-02,48680.42,0.0,0
27TBYFB9002A1Z9,2024-03,9355.71,55437.18,46081.47
33OFSTE6718J1Z6,2023-04,27577.33,0.0,0
33OFSTE6718J1Z6,2023-05,0,34474.87,34474.87
33OFSTE6718J1Z6,2023-06,51226.28,49394.75,0
33OFSTE6718J1Z6,2023-07,7630.21,16600.26,8970.05
33OFSTE6718J1Z6,2023-08,0,0.0,0
33OFSTE6718J1Z6,2023-09,23092.61,3269.27,0
33OFSTE6718J1Z6,2023-10,0,31264.91,31264.91
33OFSTE6718J1Z6,2023-11,62226.6,50557.72,0
33OFSTE6718J1Z6,2023-12,31341.55,14817.72,0
33OFSTE6718J1Z6,2024-01,23992.97,6348.46,0
33OFSTE6718J1Z6,2024-02,0,47933.25,47933.25
33OFSTE6718J1Z6,2024-03,111182.24,0.0,0
24OXJYF5826J1Z7,2023-04,0,24969.55,24969.55
24OXJYF5826J1Z7,2023-05,120220.59,11267.28,0
24OXJYF5826J1Z7,2023-06,122986.43,122153.34,0
24OXJYF5826J1Z7,2023-07,4913.17,63043.69,58130.52
24OXJYF5826J1Z7,2023-08,7857.54,0.0,0
24OXJYF5826J1Z7,2023-09,72928.59,69209.17,0
24OXJYF5826J1Z7,2023-10,35318.75,26077.25,0
24OXJYF5826J1Z7,2023-11,44277.99,0.0,0
24OXJYF5826J1Z7,2023-12,20462.93,75798.15,55335.22
24OXJYF5826J1Z7,2024-01,77494.44,0.0,0
24OXJYF5826J1Z7,2024-02,9649.98,59805.31,50155.33
24OXJYF5826J1Z7,2024-03,53574.53,48215.5,0
36LJNIW8196O1Z9,2023-04,36334.74,0.0,0
36LJNIW8196O1Z9,2023-05,79561.16,0.0,0
36LJNIW8196O1Z9,2023-06,97909.83,71229.56,0
36LJNIW8196O1Z9,2023-07,0,0.0,0
36LJNIW8196O1Z9,2023-08,0,31493.89,31493.89
36LJNIW8196O1Z9,2023-09,0,84998.93,84998.93
36LJNIW8196O1Z9,2023-10,56061.79,51662.72,0
36LJNIW8196O1Z9,2023-11,0,0.0,0
36LJNIW8196O1Z9,2023-12,16709.22,0.0,0
36LJNIW8196O1Z9,2024-01,124560.68,0.0,0
36LJNIW8196O1Z9,2024-02,0,0.0,0
36LJNIW8196O1Z9,2024-03,0,0.0,0
36ZHVNM4728C1ZH,2023-04,5600.94,11973.19,6372.25
36ZHVNM4728C1ZH,2023-05,0,10262.94,10262.94
36ZHVNM4728C1ZH,2023-06,81255.25,37410.89,0
36ZHVNM4728C1ZH,2023-07,0,33799.35,33799.35
36ZHVNM4728C1ZH,2023-08,0,11593.84,11593.84
36ZHVNM4728C1ZH,2023-09,57652.66,12806.4,0
36ZHVNM4728C1ZH,2023-10,48107.16,72658.49,24551.33
36ZHVNM4728C1ZH,2023-11,12955.49,236097.9,223142.41
36ZHVNM4728C1ZH,2023-12,0,143029.99,143029.99
36ZHVNM4728C1ZH,2024-01,0,0.0,0
36ZHVNM4728C1ZH,2024-02,81986.85,79835.32,0
36ZHVNM4728C1ZH,2024-03,0,22328.56,22328.56
19ORIMI4322T1ZH,2023-04,66572.62,66487.53,0
19ORIMI4322T1ZH,2023-05,5835.94,46481.44,40645.5
19ORIMI4322T1ZH,2023-06,0,42493.14,42493.14
19ORIMI4322T1ZH,2023-07,26495.21,45286.82,18791.61
19ORIMI4322T1ZH,2023-08,4234.93,0.0,0
19ORIMI4322T1ZH,2023-09,0,0.0,0
19ORIMI4322T1ZH,2023-10,28326.34,28342.21,15.87
19ORIMI4322T1ZH,2023-11,0,0.0,0
19ORIMI4322T1ZH,2023-12,8023.0,0.0,0
19ORIMI4322T1ZH,2024-01,30842.21,60471.39,29629.18
19ORIMI4322T1ZH,2024-02,34909.4,166029.0,131119.6
19ORIMI4322T1ZH,2024-03,0,86355.35,86355.35
07CSMTR6470H1ZP,2023-04,130445.35,19599.98,0
07CSMTR6470H1ZP,2023-05,75583.74,32266.44,0
07CSMTR6470H1ZP,2023-06,54791.89,0.0,0
07CSMTR6470H1ZP,2023-07,9119.73,54106.42,44986.69
07CSMTR6470H1ZP,2023-08,29272.64,11485.72,0
07CSMTR6470H1ZP,2023-09,8016.78,30299.0,22282.22
07CSMTR6470H1ZP,2023-10,0,0.0,0
07CSMTR6470H1ZP,2023-11,0,0.0,0
07CSMTR6470H1ZP,2023-12,0,176352.81,176352.81
07CSMTR6470H1ZP,2024-01,0,34973.11,34973.11
07CSMTR6470H1ZP,2024-02,16439.67,91955.03,75515.36
07CSMTR6470H1ZP,2024-03,35615.25,76042.43,40427.18
32JOIZO3432X1ZC,2023-04,4757.26,27657.68,22900.42
32JOIZO3432X1ZC,2023-05,90812.22,9711.85,0
32JOIZO3432X1ZC,2023-06,81084.59,0.0,0
32JOIZO3432X1ZC,2023-07,45286.82,15594.67,0
32JOIZO3432X1ZC,2023-08,0,64626.45,64626.45
32JOIZO3432X1ZC,2023-09,112323.63,0.0,0
32JOIZO3432X1ZC,2023-10,0,0.0,0
32JOIZO3432X1ZC,2023-11,69105.48,93046.26,23940.78
32JOIZO3432X1ZC,2023-12,72644.4,5137.69,0
32JOIZO3432X1ZC,2024-01,31022.69,102561.85,71539.16
32JOIZO3432X1ZC,2024-02,48277.43,14649.43,0
32JOIZO3432X1ZC,2024-03,182003.64,0.0,0
36YRETH5759G1ZI,2023-04,0,102932.42,102932.42
36YRETH5759G1ZI,2023-05,0,474190.34,474190.34
36YRETH5759G1ZI,2023-06,11651.28,125011.69,113360.41
36YRETH5759G1ZI,2023-07,9237.74,0.0,0
36YRETH5759G1ZI,2023-08,10516.86,29191.8,18674.94
36YRETH5759G1ZI,2023-09,0,147980.21,147980.21
36YRETH5759G1ZI,2023-10,23802.3,19977.61,0
36YRETH5759G1ZI,2023-11,0,23418.19,23418.19
36YRETH5759G1ZI,2023-12,53653.47,51900.95,0
36YRETH5759G1ZI,2024-01,0,0.0,0
36YRETH5759G1ZI,2024-02,44832.05,86938.51,42106.46
36YRETH5759G1ZI,2024-03,43316.38,37668.07,0
24ANHZO6184A1ZI,2023-04,22092.89,0.0,0
24ANHZO6184A1ZI,2023-05,0,96470.16,96470.16
24ANHZO6184A1ZI,2023-06,45488.98,3987.42,0
24ANHZO6184A1ZI,2023-07,13895.95,0.0,0
24ANHZO6184A1ZI,2023-08,0,0.0,0
24ANHZO6184A1ZI,2023-09,25781.59,0.0,0
24ANHZO6184A1ZI,2023-10,45038.76,4345.58,0
24ANHZO6184A1ZI,2023-11,64747.84,31347.89,0
24ANHZO6184A1ZI,2023-12,147281.84,0.0,0
24ANHZO6184A1ZI,2024-01,0,63208.12,63208.12
24ANHZO6184A1ZI,2024-02,34818.73,12308.37,0
24ANHZO6184A1ZI,2024-03,15845.19,66774.62,50929.43
08EBYMV4060E1ZJ,2023-04,61305.31,81186.23,19880.92
08EBYMV4060E1ZJ,2023-05,19196.86,0.0,0
08EBYMV4060E1ZJ,2023-06,24740.11,47706.99,22966.88
08EBYMV4060E1ZJ,2023-07,52870.83,48802.47,0
08EBYMV4060E1ZJ,2023-08,0,378248.9,378248.9
08EBYMV4060E1ZJ,2023-09,0,97786.94,97786.94
08EBYMV4060E1ZJ,2023-10,26086.48,86696.94,60610.46
08EBYMV4060E1ZJ,2023-11,147309.66,33124.32,0
08EBYMV4060E1ZJ,2023-12,20459.67,0.0,0
08EBYMV4060E1ZJ,2024-01,67426.26,6837.48,0
08EBYMV4060E1ZJ,2024-02,0,32005.09,32005.09
08EBYMV4060E1ZJ,2024-03,61510.65,81827.56,20316.91
36TPUFN4489J1Z3,2023-04,74232.06,397494.78,323262.72
36TPUFN4489J1Z3,2023-05,0,0.0,0
36TPUFN4489J1Z3,2023-06,15737.58,85128.82,69391.24
36TPUFN4489J1Z3,2023-07,13552.53,36092.32,22539.79
36TPUFN4489J1Z3,2023-08,55232.12,780001.47,724769.35
36TPUFN4489J1Z3,2023-09,0,52429.99,52429.99
36TPUFN4489J1Z3,2023-10,0,73904.21,73904.21
36TPUFN4489J1Z3,2023-11,62297.98,2418.55,0
36TPUFN4489J1Z3,2023-12,5588.58,31120.92,25532.34
36TPUFN4489J1Z3,2024-01,10725.62,0.0,0
36TPUFN4489J1Z3,2024-02,5132.3,0.0,0
36TPUFN4489J1Z3,2024-03,0,13802.17,13802.17
07QGCGO1464B1ZE,2023-04,14888.17,47063.04,32174.87
07QGCGO1464B1ZE,2023-05,76092.15,0.0,0
07QGCGO1464B1ZE,2023-06,3987.42,0.0,0
07QGCGO1464B1ZE,2023-07,66970.48,5541.0,0
07QGCGO1464B1ZE,2023-08,66305.07,74818.47,8513.4
07QGCGO1464B1ZE,2023-09,0,54853.16,54853.16
07QGCGO1464B1ZE,2023-10,31413.27,11191.16,0
07QGCGO1464B1ZE,2023-11,59971.9,13518.06,0
07QGCGO1464B1ZE,2023-12,97678.08,58721.67,0
07QGCGO1464B1ZE,2024-01,68515.28,0.0,0
07QGCGO1464B1ZE,2024-02,0,20349.24,20349.24
07QGCGO1464B1ZE,2024-03,0,68064.5,68064.5
19BGGUP8112E1ZH,2023-04,0,0.0,0
19BGGUP8112E1ZH,2023-05,5623.91,35586.14,29962.23
19BGGUP8112E1ZH,2023-06,0,734331.82,734331.82
19BGGUP8112E1ZH,2023-07,0,0.0,0
19BGGUP8112E1ZH,2023-08,73325.57,0.0,0
19BGGUP8112E1ZH,2023-09,111641.85,10700.59,0
19BGGUP8112E1ZH,2023-10,0,0.0,0
19BGGUP8112E1ZH,2023-11,45915.5,0.0,0
19BGGUP8112E1ZH,2023-12,0,42557.39,42557.39
19BGGUP8112E1ZH,2024-01,41295.57,846941.49,805645.92
19BGGUP8112E1ZH,2024-02,30008.19,23876.9,0
19BGGUP8112E1ZH,2024-03,10114.74,262149.56,252034.82
27EHTOH1669Q1ZY,2023-04,70806.79,0.0,0
27EHTOH1669Q1ZY,2023-05,105876.62,0.0,0
27EHTOH1669Q1ZY,2023-06,82724.31,417268.35,334544.04
27EHTOH1669Q1ZY,2023-07,36092.32,35569.97,0
27EHTOH1669Q1ZY,2023-08,24874.95,51651.35,26776.4
27EHTOH1669Q1ZY,2023-09,39127.25,13070.18,0
27EHTOH1669Q1ZY,2023-10,0,18435.49,18435.49
27EHTOH1669Q1ZY,2023-11,73880.8,0.0,0
27EHTOH1669Q1ZY,2023-12,5023.2,27336.75,22313.55
27EHTOH1669Q1ZY,2024-01,0,86101.52,86101.52
27EHTOH1669Q1ZY,2024-02,46030.15,68911.78,22881.63
27EHTOH1669Q1ZY,2024-03,49003.41,0.0,0
32BLIGC9859Y1ZH,2023-04,45737.21,0.0,0
32BLIGC9859Y1ZH,2023-05,0,94468.78,94468.78
32BLIGC9859Y1ZH,2023-06,62013.08,11333.38,0
32BLIGC9859Y1ZH,2023-07,0,0.0,0
32BLIGC9859Y1ZH,2023-08,0,32056.6,32056.6
32BLIGC9859Y1ZH,2023-09,0,466763.58,466763.58
32BLIGC9859Y1ZH,2023-10,14262.1,69192.64,54930.54
32BLIGC9859Y1ZH,2023-11,65709.78,0.0,0
32BLIGC9859Y1ZH,2023-12,25486.29,11505.94,0
32BLIGC9859Y1ZH,2024-01,53855.04,0.0,0
32BLIGC9859Y1ZH,2024-02,0,2803.6,2803.6
32BLIGC9859Y1ZH,2024-03,25618.41,884965.29,859346.88
29MQXEP6403K1ZK,2023-04,49978.06,51935.21,1957.15
29MQXEP6403K1ZK,2023-05,0,66368.34,66368.34
29MQXEP6403K1ZK,2023-06,37607.2,0.0,0
29MQXEP6403K1ZK,2023-07,7943.2,0.0,0
29MQXEP6403K1ZK,2023-08,63081.34,0.0,0
29MQXEP6403K1ZK,2023-09,0,68573.29,68573.29
29MQXEP6403K1ZK,2023-10,0,0.0,0
29MQXEP6403K1ZK,2023-11,0,594007.3,594007.3
29MQXEP6403K1ZK,2023-12,110229.16,77735.65,0
29MQXEP6403K1ZK,2024-01,21120.07,13925.88,0
29MQXEP6403K1ZK,2024-02,29958.56,0.0,0
29MQXEP6403K1ZK,2024-03,0,65408.87,65408.87
29ISHYV5433Y1ZP,2023-04,10200.82,0.0,0
29ISHYV5433Y1ZP,2023-05,26486.2,0.0,0
29ISHYV5433Y1ZP,2023-06,111447.03,86770.91,0
29ISHYV5433Y1ZP,2023-07,73152.72,73238.22,85.5
29ISHYV5433Y1ZP,2023-08,0,14630.85,14630.85
29ISHYV5433Y1ZP,2023-09,25679.12,201547.43,175868.31
29ISHYV5433Y1ZP,2023-10,101584.75,9951.87,0
29ISHYV5433Y1ZP,2023-11,10075.09,21934.13,11859.04
29ISHYV5433Y1ZP,2023-12,109468.63,123826.28,14357.65
29ISHYV5433Y1ZP,2024-01,39067.62,31853.0,0
29ISHYV5433Y1ZP,2024-02,14515.77,0.0,0
29ISHYV5433Y1ZP,2024-03,79464.61,209577.28,130112.67
36MBNQM4021J1ZS,2023-04,0,0.0,0
36MBNQM4021J1ZS,2023-05,52231.38,214159.13,161927.75
36MBNQM4021J1ZS,2023-06,5964.29,0.0,0
36MBNQM4021J1ZS,2023-07,14217.62,0.0,0
36MBNQM4021J1ZS,2023-08,3017.93,1053610.74,1050592.81
36MBNQM4021J1ZS,2023-09,0,43914.86,43914.86
36MBNQM4021J1ZS,2023-10,53535.76,0.0,0
36MBNQM4021J1ZS,2023-11,42856.44,57899.92,15043.48
36MBNQM4021J1ZS,2023-12,60618.81,0.0,0
36MBNQM4021J1ZS,2024-01,43966.07,0.0,0
36MBNQM4021J1ZS,2024-02,50807.15,37583.28,0
36MBNQM4021J1ZS,2024-03,0,14820.47,14820.47
27ZPGEO5099O1Z7,2023-04,58853.17,0.0,0
27ZPGEO5099O1Z7,2023-05,78682.01,0.0,0
27ZPGEO5099O1Z7,2023-06,56607.68,141415.22,84807.54
27ZPGEO5099O1Z7,2023-07,59450.47,19085.79,0
27ZPGEO5099O1Z7,2023-08,52909.0,0.0,0
27ZPGEO5099O1Z7,2023-09,5476.73,1117624.31,1112147.58
27ZPGEO5099O1Z7,2023-10,100173.69,0.0,0
27ZPGEO5099O1Z7,2023-11,86108.29,131522.67,45414.38
27ZPGEO5099O1Z7,2023-12,77546.71,7935.79,0
27ZPGEO5099O1Z7,2024-01,62929.56,23129.96,0
27ZPGEO5099O1Z7,2024-02,0,30211.27,30211.27
27ZPGEO5099O1Z7,2024-03,18462.4,0.0,0
24NHVZG5395E1Z4,2023-04,0,0.0,0
24NHVZG5395E1Z4,2023-05,6006.39,117021.53,111015.14
24NHVZG5395E1Z4,2023-06,0,26719.47,26719.47
24NHVZG5395E1Z4,2023-07,0,10825.65,10825.65
24NHVZG5395E1Z4,2023-08,35527.47,16528.13,0
24NHVZG5395E1Z4,2023-09,28151.62,0.0,0
24NHVZG5395E1Z4,2023-10,31407.63,55648.78,24241.15
24NHVZG5395E1Z4,2023-11,44057.66,0.0,0
24NHVZG5395E1Z4,2023-12,3548.73,17584.76,14036.03
24NHVZG5395E1Z4,2024-01,17087.28,25141.74,8054.46
24NHVZG5395E1Z4,2024-02,53137.53,1314.41,0
24NHVZG5395E1Z4,2024-03,0,22013.67,22013.67
36GASVP6844K1ZZ,2023-04,16184.46,67768.86,51584.4
36GASVP6844K1ZZ,2023-05,15669.61,22037.85,6368.24
36GASVP6844K1ZZ,2023-06,126228.9,12089.77,0
36GASVP6844K1ZZ,2023-07,0,101620.07,101620.07
36GASVP6844K1ZZ,2023-08,12087.69,7948.93,0
36GASVP6844K1ZZ,2023-09,109307.37,31972.0,0
36GASVP6844K1ZZ,2023-10,70488.72,72876.89,2388.17
36GASVP6844K1ZZ,2023-11,73880.72,45959.48,0
36GASVP6844K1ZZ,2023-12,94272.68,25541.95,0
36GASVP6844K1ZZ,2024-01,0,9666.81,9666.81
36GASVP6844K1ZZ,2024-02,30596.64,0.0,0
36GASVP6844K1ZZ,2024-03,37668.07,305074.24,267406.17
08WZGJW4349M1ZO,2023-04,0,0.0,0
08WZGJW4349M1ZO,2023-05,0,12085.2,12085.2
08WZGJW4349M1ZO,2023-06,21522.45,73507.52,51985.07
08WZGJW4349M1ZO,2023-07,4602.83,0.0,0
08WZGJW4349M1ZO,2023-08,6880.66,9297.0,2416.34
08WZGJW4349M1ZO,2023-09,12135.48,472062.06,459926.58
08WZGJW4349M1ZO,2023-10,6346.37,35056.31,28709.94
08WZGJW4349M1ZO,2023-11,8700.5,48495.1,39794.6
08WZGJW4349M1ZO,2023-12,48685.93,25743.4,0
08WZGJW4349M1ZO,2024-01,22310.64,0.0,0
08WZGJW4349M1ZO,2024-02,0,20607.42,20607.42
08WZGJW4349M1ZO,2024-03,32861.39,0.0,0
27DZICV0901U1Z9,2023-04,0,59864.75,59864.75
27DZICV0901U1Z9,2023-05,7384.01,59599.38,52215.37
27DZICV0901U1Z9,2023-06,0,0.0,0
27DZICV0901U1Z9,2023-07,5133.99,0.0,0
27DZICV0901U1Z9,2023-08,70958.11,48924.29,0
27DZICV0901U1Z9,2023-09,31374.82,56052.27,24677.45
27DZICV0901U1Z9,2023-10,0,6346.37,6346.37
27DZICV0901U1Z9,2023-11,67151.63,48237.12,0
27DZICV0901U1Z9,2023-12,5597.93,50548.34,44950.41
27DZICV0901U1Z9,2024-01,111370.23,0.0,0
27DZICV0901U1Z9,2024-02,0,0.0,0
27DZICV0901U1Z9,2024-03,80748.57,14992.07,0
24ISQWW8337Y1ZV,2023-04,0,16331.61,16331.61
24ISQWW8337Y1ZV,2023-05,14061.35,0.0,0
24ISQWW8337Y1ZV,2023-06,0,35503.6,35503.6
24ISQWW8337Y1ZV,2023-07,40095.58,540637.93,500542.35
24ISQWW8337Y1ZV,2023-08,0,0.0,0
24ISQWW8337Y1ZV,2023-09,9800.36,0.0,0
24ISQWW8337Y1ZV,2023-10,22772.96,0.0,0
24ISQWW8337Y1ZV,2023-11,77556.72,3819.84,0
24ISQWW8337Y1ZV,2023-12,13624.35,0.0,0
24ISQWW8337Y1ZV,2024-01,35617.3,27193.18,0
24ISQWW8337Y1ZV,2024-02,93226.73,33918.94,0
24ISQWW8337Y1ZV,2024-03,32783.57,59384.72,26601.15
33GRHFC9771F1ZJ,2023-04,15158.89,18681.22,3522.33
33GRHFC9771F1ZJ,2023-05,32957.59,56721.97,23764.38
33GRHFC9771F1ZJ,2023-06,5248.32,0.0,0
33GRHFC9771F1ZJ,2023-07,58333.04,54330.14,0
33GRHFC9771F1ZJ,2023-08,20694.53,3017.93,0
33GRHFC9771F1ZJ,2023-09,31972.0,0.0,0
33GRHFC9771F1ZJ,2023-10,0,0.0,0
33GRHFC9771F1ZJ,2023-11,75836.11,619278.04,543441.93
33GRHFC9771F1ZJ,2023-12,150559.25,36076.2,0
33GRHFC9771F1ZJ,2024-01,134497.91,784024.14,649526.23
33GRHFC9771F1ZJ,2024-02,120756.01,115441.06,0
33GRHFC9771F1ZJ,2024-03,10282.95,102032.75,91749.8
27HJDNO7108T1ZF,2023-04,0,12939.87,12939.87
27HJDNO7108T1ZF,2023-05,51977.49,409383.88,357406.39
27HJDNO7108T1ZF,2023-06,0,10187.74,10187.74
27HJDNO7108T1ZF,2023-07,0,39550.71,39550.71
27HJDNO7108T1ZF,2023-08,16507.21,0.0,0
27HJDNO7108T1ZF,2023-09,32322.99,0.0,0
27HJDNO7108T1ZF,2023-10,0,211747.23,211747.23
27HJDNO7108T1ZF,2023-11,3903.24,0.0,0
27HJDNO7108T1ZF,2023-12,70978.13,41248.68,0
27HJDNO7108T1ZF,2024-01,0,0.0,0
27HJDNO7108T1ZF,2024-02,141444.79,28362.57,0
27HJDNO7108T1ZF,2024-03,36358.69,11126.58,0
19QLRXM2509S1ZJ,2023-04,20268.76,10010.1,0
19QLRXM2509S1ZJ,2023-05,116894.82,0.0,0
19QLRXM2509S1ZJ,2023-06,72107.03,20971.74,0
19QLRXM2509S1ZJ,2023-07,10813.28,13552.53,2739.25
19QLRXM2509S1ZJ,2023-08,3199.29,11608.74,8409.45
19QLRXM2509S1ZJ,2023-09,22067.56,0.0,0
19QLRXM2509S1ZJ,2023-10,71730.62,37719.62,0
19QLRXM2509S1ZJ,2023-11,0,59508.78,59508.78
19QLRXM2509S1ZJ,2023-12,142034.93,2264.7,0
19QLRXM2509S1ZJ,2024-01,111464.05,0.0,0
19QLRXM2509S1ZJ,2024-02,41726.56,0.0,0
19QLRXM2509S1ZJ,2024-03,20249.32,0.0,0
24LHZWC3326A1ZP,2023-04,57838.33,82790.04,24951.71
24LHZWC3326A1ZP,2023-05,0,52231.38,52231.38
24LHZWC3326A1ZP,2023-06,11383.01,101196.41,89813.4
24LHZWC3326A1ZP,2023-07,0,0.0,0
24LHZWC3326A1ZP,2023-08,0,0.0,0
24LHZWC3326A1ZP,2023-09,44051.6,68059.26,24007.66
24LHZWC3326A1ZP,2023-10,87059.7,26436.49,0
24LHZWC3326A1ZP,2023-11,24888.11,9825.99,0
24LHZWC3326A1ZP,2023-12,59823.82,0.0,0
24LHZWC3326A1ZP,2024-01,42723.44,5266.0,0
24LHZWC3326A1ZP,2024-02,9196.04,0.0,0
24LHZWC3326A1ZP,2024-03,0,81784.03,81784.03
27XTVXU2821I1Z8,2023-04,66366.69,16184.46,0
27XTVXU2821I1Z8,2023-05,37837.62,81392.34,43554.72
27XTVXU2821I1Z8,2023-06,6733.35,138532.74,131799.39
27XTVXU2821I1Z8,2023-07,0,0.0,0
27XTVXU2821I1Z8,2023-08,20836.41,0.0,0
27XTVXU2821I1Z8,2023-09,0,10072.55,10072.55
27XTVXU2821I1Z8,2023-10,21675.81,0.0,0
27XTVXU2821I1Z8,2023-11,44197.17,0.0,0
27XTVXU2821I1Z8,2023-12,25597.95,0.0,0
27XTVXU2821I1Z8,2024-01,9638.82,0.0,0
27XTVXU2821I1Z8,2024-02,25812.62,0.0,0
27XTVXU2821I1Z8,2024-03,102409.91,97017.94,0
27ILPTC2711R1ZN,2023-04,0,53180.15,53180.15
27ILPTC2711R1ZN,2023-05,32943.23,0.0,0
27ILPTC2711R1ZN,2023-06,0,24569.68,24569.68
27ILPTC2711R1ZN,2023-07,29361.48,0.0,0
27ILPTC2711R1ZN,2023-08,3865.68,9073.99,5208.31
27ILPTC2711R1ZN,2023-09,153717.02,0.0,0
27ILPTC2711R1ZN,2023-10,0,0.0,0
27ILPTC2711R1ZN,2023-11,40810.43,53108.8,12298.37
27ILPTC2711R1ZN,2023-12,39870.37,27426.08,0
27ILPTC2711R1ZN,2024-01,59705.58,85381.38,25675.8
27ILPTC2711R1ZN,2024-02,0,3244.13,3244.13
27ILPTC2711R1ZN,2024-03,0,7019.61,7019.61
29GVMUT3191H1ZP,2023-04,4897.4,11622.88,6725.48
29GVMUT3191H1ZP,2023-05,15775.99,19196.86,3420.87
29GVMUT3191H1ZP,2023-06,7405.84,4688.08,0
29GVMUT3191H1ZP,2023-07,46507.96,0.0,0
29GVMUT3191H1ZP,2023-08,0,34733.88,34733.88
29GVMUT3191H1ZP,2023-09,12426.64,118340.75,105914.11
29GVMUT3191H1ZP,2023-10,31970.82,54262.26,22291.44
29GVMUT3191H1ZP,2023-11,30315.46,94062.03,63746.57
29GVMUT3191H1ZP,2023-12,35239.97,48351.06,13111.09
29GVMUT3191H1ZP,2024-01,37602.87,23992.97,0
29GVMUT3191H1ZP,2024-02,14649.43,0.0,0
29GVMUT3191H1ZP,2024-03,71098.82,9911.91,0
09ANLRR5891H1ZU,2023-04,0,90296.28,90296.28
09ANLRR5891H1ZU,2023-05,23477.2,0.0,0
09ANLRR5891H1ZU,2023-06,92691.99,0.0,0
09ANLRR5891H1ZU,2023-07,0,17202.64,17202.64
09ANLRR5891H1ZU,2023-08,42252.99,10788.71,0
09ANLRR5891H1ZU,2023-09,0,0.0,0
09ANLRR5891H1ZU,2023-10,56587.8,0.0,0
09ANLRR5891H1ZU,2023-11,25986.2,9908.27,0
09ANLRR5891H1ZU,2023-12,16576.22,72644.4,56068.18
09ANLRR5891H1ZU,2024-01,100178.29,0.0,0
09ANLRR5891H1ZU,2024-02,26354.56,13690.19,0
09ANLRR5891H1ZU,2024-03,0,104650.83,104650.83
32FBVXH4193P1Z7,2023-04,33487.51,14065.23,0
32FBVXH4193P1Z7,2023-05,53419.35,2928.18,0
32FBVXH4193P1Z7,2023-06,2960.16,0.0,0
32FBVXH4193P1Z7,2023-07,15594.67,0.0,0
32FBVXH4193P1Z7,2023-08,12760.56,0.0,0
32FBVXH4193P1Z7,2023-09,51801.74,20801.01,0
32FBVXH4193P1Z7,2023-10,0,55156.83,55156.83
32FBVXH4193P1Z7,2023-11,68335.38,20060.45,0
32FBVXH4193P1Z7,2023-12,15749.46,33246.59,17497.13
32FBVXH4193P1Z7,2024-01,15774.55,5654.14,0
32FBVXH4193P1Z7,2024-02,36974.27,1108.56,0
32FBVXH4193P1Z7,2024-03,60941.7,0.0,0
36DLRTY4714D1ZV,2023-04,1288.02,23118.05,21830.03
36DLRTY4714D1ZV,2023-05,57452.65,145741.54,88288.89
36DLRTY4714D1ZV,2023-06,0,0.0,0
36DLRTY4714D1ZV,2023-07,30424.99,5444.26,0
36DLRTY4714D1ZV,2023-08,0,0.0,0
36DLRTY4714D1ZV,2023-09,10562.17,927.57,0
36DLRTY4714D1ZV,2023-10,36350.67,7767.65,0
36DLRTY4714D1ZV,2023-11,141068.64,13569.05,0
36DLRTY4714D1ZV,2023-12,21534.55,0.0,0
36DLRTY4714D1ZV,2024-01,104940.3,0.0,0
36DLRTY4714D1ZV,2024-02,13690.19,17728.82,4038.63
36DLRTY4714D1ZV,2024-03,26230.49,28773.67,2543.18
27RFLGJ9396B1ZP,2023-04,83260.36,0.0,0
27RFLGJ9396B1ZP,2023-05,140426.53,71003.29,0
27RFLGJ9396B1ZP,2023-06,5043.9,0.0,0
27RFLGJ9396B1ZP,2023-07,34641.21,0.0,0
27RFLGJ9396B1ZP,2023-08,19218.33,51685.89,32467.56
27RFLGJ9396B1ZP,2023-09,30299.0,11366.97,0
27RFLGJ9396B1ZP,2023-10,20134.11,40603.06,20468.95
27RFLGJ9396B1ZP,2023-11,43203.52,65384.48,22180.96
27RFLGJ9396B1ZP,2023-12,86502.22,8023.0,0
27RFLGJ9396B1ZP,2024-01,106036.13,0.0,0
27RFLGJ9396B1ZP,2024-02,0,0.0,0
27RFLGJ9396B1ZP,2024-03,18757.0,0.0,0
19CFQZB3972Y1ZZ,2023-04,66649.13,34964.98,0
19CFQZB3972Y1ZZ,2023-05,0,11355.7,11355.7
19CFQZB3972Y1ZZ,2023-06,55374.67,24880.87,0
19CFQZB3972Y1ZZ,2023-07,0,9119.73,9119.73
19CFQZB3972Y1ZZ,2023-08,33697.94,0.0,0
19CFQZB3972Y1ZZ,2023-09,43663.83,0.0,0
19CFQZB3972Y1ZZ,2023-10,0,98511.93,98511.93
19CFQZB3972Y1ZZ,2023-11,22212.62,53313.86,31101.24
19CFQZB3972Y1ZZ,2023-12,23286.05,4123.88,0
19CFQZB3972Y1ZZ,2024-01,89890.81,39161.62,0
19CFQZB3972Y1ZZ,2024-02,19917.16,5490.47,0
19CFQZB3972Y1ZZ,2024-03,28847.06,38300.92,9453.86
07IDXAW1121V1Z1,2023-04,46606.56,0.0,0
07IDXAW1121V1Z1,2023-05,0,0.0,0
07IDXAW1121V1Z1,2023-06,143186.23,99533.22,0
07IDXAW1121V1Z1,2023-07,0,0.0,0
07IDXAW1121V1Z1,2023-08,31493.89,3199.29,0
07IDXAW1121V1Z1,2023-09,0,0.0,0
07IDXAW1121V1Z1,2023-10,0,0.0,0
07IDXAW1121V1Z1,2023-11,27249.57,0.0,0
07IDXAW1121V1Z1,2023-12,21099.32,25486.29,4386.97
07IDXAW1121V1Z1,2024-01,5266.0,0.0,0
07IDXAW1121V1Z1,2024-02,51465.45,66629.47,15164.02
07IDXAW1121V1Z1,2024-03,154344.93,40206.71,0
07PAGDK1043S1Z6,2023-04,0,5600.94,5600.94
07PAGDK1043S1Z6,2023-05,0,34777.02,34777.02
07PAGDK1043S1Z6,2023-06,74706.04,15459.26,0
07PAGDK1043S1Z6,2023-07,31287.59,0.0,0
07PAGDK1043S1Z6,2023-08,19283.64,0.0,0
07PAGDK1043S1Z6,2023-09,3729.15,57156.41,53427.26
07PAGDK1043S1Z6,2023-10,0,0.0,0
07PAGDK1043S1Z6,2023-11,50931.8,18627.82,0
07PAGDK1043S1Z6,2023-12,44847.88,47869.03,3021.15
07PAGDK1043S1Z6,2024-01,60701.46,0.0,0
07PAGDK1043S1Z6,2024-02,34699.14,0.0,0
07PAGDK1043S1Z6,2024-03,27076.53,52449.49,25372.96
27SXRHQ0984D1ZV,2023-04,0,1403.76,1403.76
27SXRHQ0984D1ZV,2023-05,10531.75,0.0,0
27SXRHQ0984D1ZV,2023-06,13287.66,18259.9,4972.24
27SXRHQ0984D1ZV,2023-07,48876.05,0.0,0
27SXRHQ0984D1ZV,2023-08,0,0.0,0
27SXRHQ0984D1ZV,2023-09,12806.4,35002.69,22196.29
27SXRHQ0984D1ZV,2023-10,40472.51,0.0,0
27SXRHQ0984D1ZV,2023-11,2418.55,96866.31,94447.76
27SXRHQ0984D1ZV,2023-12,17584.76,23443.93,5859.17
27SXRHQ0984D1ZV,2024-01,89712.31,62422.4,0
27SXRHQ0984D1ZV,2024-02,77751.8,0.0,0
27SXRHQ0984D1ZV,2024-03,871.79,0.0,0
33IDDQP7352Q1ZR,2023-04,41185.94,64471.1,23285.16
33IDDQP7352Q1ZR,2023-05,0,26486.2,26486.2
33IDDQP7352Q1ZR,2023-06,33612.43,55156.96,21544.53
33IDDQP7352Q1ZR,2023-07,54503.37,0.0,0
33IDDQP7352Q1ZR,2023-08,43419.53,23504.56,0
33IDDQP7352Q1ZR,2023-09,136300.18,0.0,0
33IDDQP7352Q1ZR,2023-10,23111.62,44773.16,21661.54
33IDDQP7352Q1ZR,2023-11,0,10075.09,10075.09
33IDDQP7352Q1ZR,2023-12,5901.79,46053.32,40151.53
33IDDQP7352Q1ZR,2024-01,0,0.0,0
33IDDQP7352Q1ZR,2024-02,27948.54,27884.3,0
33IDDQP7352Q1ZR,2024-03,13802.17,58111.36,44309.19
36SFLFI4404V1ZG,2023-04,0,81508.26,81508.26
36SFLFI4404V1ZG,2023-05,35456.01,134826.1,99370.09
36SFLFI4404V1ZG,2023-06,35397.98,92511.8,57113.82
36SFLFI4404V1ZG,2023-07,20890.28,31287.59,10397.31
36SFLFI4404V1ZG,2023-08,8306.86,28244.93,19938.07
36SFLFI4404V1ZG,2023-09,110979.45,11017.07,0
36SFLFI4404V1ZG,2023-10,0,70488.72,70488.72
36SFLFI4404V1ZG,2023-11,8121.97,9194.74,1072.77
36SFLFI4404V1ZG,2023-12,0,0.0,0
36SFLFI4404V1ZG,2024-01,77187.62,27616.8,0
36SFLFI4404V1ZG,2024-02,35901.69,0.0,0
36SFLFI4404V1ZG,2024-03,13061.73,6080.9,0
